<?xml version="1.0" encoding="utf-8"?>
<templates>
  <template type="public" title="memberslocaltime_member_macros" version_id="100000" version_string="1.0.0"><![CDATA[<xf:macro name="member_stat_pairs" arg-user="!">
	<xf:if is="{$xf.options.memberslocaltime_show_on_member_pages}">
		<dl class="pairs pairs--rows pairs--rows--centered">
			<dt>{{ phrase('memberslocaltime_local_time') }}</dt>
			<dd>{{ time($user.getLocalTime()) }}</dd>
		</dl>
	</xf:if>
</xf:macro>]]></template>
  <template type="public" title="memberslocaltime_message_macros" version_id="100000" version_string="1.0.0"><![CDATA[<xf:macro name="user_info" template="memberslocaltime_message_macros" arg-user="!">
	<dl class="pairs pairs--justified">
		<dt>{{ phrase('memberslocaltime_local_time') }}</dt>
		<dd>{{ time($user.getLocalTime()) }}</dd>
	</dl>
</xf:macro>]]></template>
</templates>
