{
    "src/addons/BWC/MembersLocalTime/addon.json": "573e702b8a4008084e2f47d98eda09bf512c4aae8cfae6d1c848005b3d6751f4",
    "src/addons/BWC/MembersLocalTime/XF/Entity/User.php": "9f7a22126960ae2baf821adbfe795e6d395e8623fd113013955cc46119a44d14",
    "src/addons/BWC/MembersLocalTime/_data/admin_navigation.xml": "064ec797484ac00d5ee37367b50b06846d11f480d00550997712707f8fdac8c0",
    "src/addons/BWC/MembersLocalTime/_data/admin_permission.xml": "ec6fb97cebf0bceb24f1ed1d5778c1db54eeb7535fbb3e31d824840e7aa9ff87",
    "src/addons/BWC/MembersLocalTime/_data/advertising_positions.xml": "d2f7cbe844bb1df3cf878d22ff6306249245c8ff6b0b87b9b729744bec538261",
    "src/addons/BWC/MembersLocalTime/_data/api_scopes.xml": "6793eaf758f140e8137187ba20e65f4faccf53410433ae3ad7a8b3b38cb6b3b7",
    "src/addons/BWC/MembersLocalTime/_data/bb_codes.xml": "faa4ddd5f4a365e5ac39aebdcbe2d25aedf74e7eb9ea4a812766e2fd5e13bdb1",
    "src/addons/BWC/MembersLocalTime/_data/bb_code_media_sites.xml": "29762987990187b33e43cfb68c08dc917b2d3f0176613d78f8e6c453f82da3f3",
    "src/addons/BWC/MembersLocalTime/_data/class_extensions.xml": "c638c4f2cb825ad782b275fc8b1c6a1428f49f9bed6503f5be5543d16e97b26a",
    "src/addons/BWC/MembersLocalTime/_data/code_events.xml": "8370dec3df47f91df4cf79da253446ad11b29f4ea568fe76c774e97a0379f0eb",
    "src/addons/BWC/MembersLocalTime/_data/code_event_listeners.xml": "d6b5072f4909dee7a20ee9e44b163f95c8aa52e6ac7f573e292000cd9238c331",
    "src/addons/BWC/MembersLocalTime/_data/content_type_fields.xml": "c7ad5472b28f465b7ac7617627707eba1b7a39d28089460d52e1ed292fc0b06a",
    "src/addons/BWC/MembersLocalTime/_data/cron.xml": "323c4284742ef24329cd6db6f288eb9736d2353f36852e1db12591e1583aea26",
    "src/addons/BWC/MembersLocalTime/_data/help_pages.xml": "a8a0c0b06cdc550438bc8a8d385af3e1e5ab3459877dfb934c1c31be59c89163",
    "src/addons/BWC/MembersLocalTime/_data/member_stats.xml": "89fb2b93ff1eca7a1f6f752248edf6090dfd24037db1446fd18ff7143f08124d",
    "src/addons/BWC/MembersLocalTime/_data/navigation.xml": "f75e1c03a45a360bbdfcd0567121665082315068475d5b0feb8b1acbb1688651",
    "src/addons/BWC/MembersLocalTime/_data/options.xml": "ab7e28566084b67ffce827206ef9b7c318aa7c5961f11210812a00fa75082a51",
    "src/addons/BWC/MembersLocalTime/_data/option_groups.xml": "67661640d62e5492f069ed4c8ed4b18efd070044d511f2e6e6493dbd9c56512b",
    "src/addons/BWC/MembersLocalTime/_data/permissions.xml": "7e4fc7d5826733d15ea2d8936b9bdd41afcaad810eb38e50da3c8d8eafda1550",
    "src/addons/BWC/MembersLocalTime/_data/permission_interface_groups.xml": "3177224e96458b829aa7fb24866dda9e0455a4922aee3d669b53f59a1ffdf5d1",
    "src/addons/BWC/MembersLocalTime/_data/phrases.xml": "d5c5d379a62543847a50d46cd5ee6bd341f7bbf2c6e7d9211ddf6457b4b61971",
    "src/addons/BWC/MembersLocalTime/_data/routes.xml": "550fa64f9feedf137dd877b38c2684f94474619d2d83890dbb717a91b50da8f5",
    "src/addons/BWC/MembersLocalTime/_data/style_properties.xml": "8b8690a8512f01f219dd2da76e3d0c5f62afc1f317b87794a7331c859c36a7a8",
    "src/addons/BWC/MembersLocalTime/_data/style_property_groups.xml": "68e1879cb3846c42d978487aa8d5145ff3335fc39e58016878824d5cf3fd684c",
    "src/addons/BWC/MembersLocalTime/_data/templates.xml": "fce5f83c13ccc9e1e5f241d5da3fd5c513821100738446d1d9023b3f822827e3",
    "src/addons/BWC/MembersLocalTime/_data/template_modifications.xml": "4918539cb7b1e494ff9c70dacb20e0880227347ff755e120d5948f45c8698620",
    "src/addons/BWC/MembersLocalTime/_data/widget_definitions.xml": "37e46965256430f24004c2e7f08ba08f9b0d1cbcc4d70e84b3f4e3ffb713e64b",
    "src/addons/BWC/MembersLocalTime/_data/widget_positions.xml": "a29cee66134f6bc5d75ed9df1eef21096c24401915c5b5c774389c3d7bb2d5b3"
}