<?xml version="1.0" encoding="utf-8"?>
<template_modifications>
  <modification type="public" template="post_macros" modification_key="patrick_posteditor_post_macros" description="Alters the &quot;last edited by:&quot; text" execution_order="10" enabled="1" action="str_replace">
    <find><![CDATA[<xf:if is="$post.last_edit_date">
							<div class="message-lastEdit">
								<xf:if is="$post.user_id == $post.last_edit_user_id">
									{{ phrase('last_edited:') }} <xf:date time="{$post.last_edit_date}" />
								<xf:else />
									<span>{{ phrase('Last edited by:') }} {{ $thread }}</span>
									<br/>
									<span>{{ phrase('When:') }} <xf:date time="{$post.last_edit_date}" /></span>
								</xf:if>
							</div>
						</xf:if>]]></find>
    <replace><![CDATA[<xf:if is="$post.last_edit_date">
	<div class="message-lastEdit">
		<span>
			{{ phrase('Last edited by:') }} 
			<xf:if is="$post.patrick_posteditor_last_edit_username">
				<a href="http://the-bwc.local/forum/index.php?members/{{ $post.last_edit_user_id }}/" class="username" data-xf-init="member-tooltip" data-user-id="{{ $post.last_edit_user_id }}" data-username="@{{ $post.patrick_posteditor_last_edit_username }}">
					{{ $post.patrick_posteditor_last_edit_username }}
				</a>
				<xf:else />
				{{ phrase('Moderator') }}
			</xf:if>
		</span>
		<br/>
		<span>{{ phrase('When:') }} <xf:date time="{$post.last_edit_date}" /></span>
	</div>
</xf:if>]]></replace>
  </modification>
</template_modifications>
