{
    "src/addons/Patrick/PostEditor/addon.json": "0f39789136fe816668e24f0fb956cdd67d3cbb3622e693d63b7e94afabe6f877",
    "src/addons/Patrick/PostEditor/Listener.php": "217b4fe63b6d4605a68b8a39563ccc441ead1a83da27eebe0941e22ff6976914",
    "src/addons/Patrick/PostEditor/Setup.php": "c5a268fa11c1fc5ed5674b7ca5fdda789ebb0b156b861059ce7e9e88df192c1a",
    "src/addons/Patrick/PostEditor/XF/Service/Post/Editor.php": "48fb491a950a45733b637e995485c8a0d45c928ca84885f4df58a599597a7833",
    "src/addons/Patrick/PostEditor/_data/admin_navigation.xml": "064ec797484ac00d5ee37367b50b06846d11f480d00550997712707f8fdac8c0",
    "src/addons/Patrick/PostEditor/_data/admin_permission.xml": "ec6fb97cebf0bceb24f1ed1d5778c1db54eeb7535fbb3e31d824840e7aa9ff87",
    "src/addons/Patrick/PostEditor/_data/advertising_positions.xml": "d2f7cbe844bb1df3cf878d22ff6306249245c8ff6b0b87b9b729744bec538261",
    "src/addons/Patrick/PostEditor/_data/api_scopes.xml": "6793eaf758f140e8137187ba20e65f4faccf53410433ae3ad7a8b3b38cb6b3b7",
    "src/addons/Patrick/PostEditor/_data/bb_codes.xml": "faa4ddd5f4a365e5ac39aebdcbe2d25aedf74e7eb9ea4a812766e2fd5e13bdb1",
    "src/addons/Patrick/PostEditor/_data/bb_code_media_sites.xml": "29762987990187b33e43cfb68c08dc917b2d3f0176613d78f8e6c453f82da3f3",
    "src/addons/Patrick/PostEditor/_data/class_extensions.xml": "e1ca42a671fb83bb5275c146a62f3ed8d7c2474be091947a4209b25a5812c450",
    "src/addons/Patrick/PostEditor/_data/code_events.xml": "8370dec3df47f91df4cf79da253446ad11b29f4ea568fe76c774e97a0379f0eb",
    "src/addons/Patrick/PostEditor/_data/code_event_listeners.xml": "b277aab4be806ce72d228da8172fcd26b288c2dc0e9e136661a39ee95b531dd3",
    "src/addons/Patrick/PostEditor/_data/content_type_fields.xml": "c7ad5472b28f465b7ac7617627707eba1b7a39d28089460d52e1ed292fc0b06a",
    "src/addons/Patrick/PostEditor/_data/cron.xml": "323c4284742ef24329cd6db6f288eb9736d2353f36852e1db12591e1583aea26",
    "src/addons/Patrick/PostEditor/_data/help_pages.xml": "a8a0c0b06cdc550438bc8a8d385af3e1e5ab3459877dfb934c1c31be59c89163",
    "src/addons/Patrick/PostEditor/_data/member_stats.xml": "89fb2b93ff1eca7a1f6f752248edf6090dfd24037db1446fd18ff7143f08124d",
    "src/addons/Patrick/PostEditor/_data/navigation.xml": "f75e1c03a45a360bbdfcd0567121665082315068475d5b0feb8b1acbb1688651",
    "src/addons/Patrick/PostEditor/_data/options.xml": "1cea29aa5671733d85c8fc6f7c66128eacbca5643cbb38585eb82002879b51a4",
    "src/addons/Patrick/PostEditor/_data/option_groups.xml": "154d7a89664b243d0bd8227c22e241f934bf7e196c83230ee23d3c0c4fba1333",
    "src/addons/Patrick/PostEditor/_data/permissions.xml": "7e4fc7d5826733d15ea2d8936b9bdd41afcaad810eb38e50da3c8d8eafda1550",
    "src/addons/Patrick/PostEditor/_data/permission_interface_groups.xml": "3177224e96458b829aa7fb24866dda9e0455a4922aee3d669b53f59a1ffdf5d1",
    "src/addons/Patrick/PostEditor/_data/phrases.xml": "ff61483fbaee661f147395ebaad79fbfb5d8bf820c1b1285efbcf8844191cc32",
    "src/addons/Patrick/PostEditor/_data/routes.xml": "550fa64f9feedf137dd877b38c2684f94474619d2d83890dbb717a91b50da8f5",
    "src/addons/Patrick/PostEditor/_data/style_properties.xml": "8b8690a8512f01f219dd2da76e3d0c5f62afc1f317b87794a7331c859c36a7a8",
    "src/addons/Patrick/PostEditor/_data/style_property_groups.xml": "68e1879cb3846c42d978487aa8d5145ff3335fc39e58016878824d5cf3fd684c",
    "src/addons/Patrick/PostEditor/_data/templates.xml": "95d4b078b90e74e773cef6695ef94c742e74b8d62e6798738f11f0215a58faee",
    "src/addons/Patrick/PostEditor/_data/template_modifications.xml": "f17ba2f6958e5d84c78274d0d1fd58ec16d76a02c781324997206bcee3e409d5",
    "src/addons/Patrick/PostEditor/_data/widget_definitions.xml": "37e46965256430f24004c2e7f08ba08f9b0d1cbcc4d70e84b3f4e3ffb713e64b",
    "src/addons/Patrick/PostEditor/_data/widget_positions.xml": "a29cee66134f6bc5d75ed9df1eef21096c24401915c5b5c774389c3d7bb2d5b3"
}