{
    "src/addons/BWC/ApiExtension/addon.json": "0bd222761bf30686fae3551b4a0430784e9b042f09da8b46f5868013d6a5d77e",
    "src/addons/BWC/ApiExtension/Api/Controller/Auth.php": "fd3cc9877e2d253043e70288c8d06c93b00c824a9075e96c3c505ad47edacd3a",
    "src/addons/BWC/ApiExtension/Entity/ApiLoginToken.php": "5625f1944f3ea47c08649c4332413fcc4efb252532f99dc633c6b6717d03ac1e",
    "src/addons/BWC/ApiExtension/Pub/Controller/Login.php": "e2d9f3ec4168334d110eaa21fc122dbc27c6831e0265947a693ef91fb9d99bac",
    "src/addons/BWC/ApiExtension/Setup.php": "4b61761186707a3b3be5dd3b8f7577646cbba961e963644226a6e110c47730c6",
    "src/addons/BWC/ApiExtension/_data/admin_navigation.xml": "064ec797484ac00d5ee37367b50b06846d11f480d00550997712707f8fdac8c0",
    "src/addons/BWC/ApiExtension/_data/admin_permission.xml": "ec6fb97cebf0bceb24f1ed1d5778c1db54eeb7535fbb3e31d824840e7aa9ff87",
    "src/addons/BWC/ApiExtension/_data/advertising_positions.xml": "d2f7cbe844bb1df3cf878d22ff6306249245c8ff6b0b87b9b729744bec538261",
    "src/addons/BWC/ApiExtension/_data/api_scopes.xml": "919fb6f479eed62262e4a762d363ffbcefe67b290d52eacf7b1f4f42ae00fb1b",
    "src/addons/BWC/ApiExtension/_data/bb_codes.xml": "faa4ddd5f4a365e5ac39aebdcbe2d25aedf74e7eb9ea4a812766e2fd5e13bdb1",
    "src/addons/BWC/ApiExtension/_data/bb_code_media_sites.xml": "29762987990187b33e43cfb68c08dc917b2d3f0176613d78f8e6c453f82da3f3",
    "src/addons/BWC/ApiExtension/_data/class_extensions.xml": "18542097d88d172a48191b18e88f8ccd7c03d2da1c8b7f0be9e9ceda61bc8048",
    "src/addons/BWC/ApiExtension/_data/code_events.xml": "8370dec3df47f91df4cf79da253446ad11b29f4ea568fe76c774e97a0379f0eb",
    "src/addons/BWC/ApiExtension/_data/code_event_listeners.xml": "d6b5072f4909dee7a20ee9e44b163f95c8aa52e6ac7f573e292000cd9238c331",
    "src/addons/BWC/ApiExtension/_data/content_type_fields.xml": "c7ad5472b28f465b7ac7617627707eba1b7a39d28089460d52e1ed292fc0b06a",
    "src/addons/BWC/ApiExtension/_data/cron.xml": "323c4284742ef24329cd6db6f288eb9736d2353f36852e1db12591e1583aea26",
    "src/addons/BWC/ApiExtension/_data/help_pages.xml": "a8a0c0b06cdc550438bc8a8d385af3e1e5ab3459877dfb934c1c31be59c89163",
    "src/addons/BWC/ApiExtension/_data/member_stats.xml": "89fb2b93ff1eca7a1f6f752248edf6090dfd24037db1446fd18ff7143f08124d",
    "src/addons/BWC/ApiExtension/_data/navigation.xml": "f75e1c03a45a360bbdfcd0567121665082315068475d5b0feb8b1acbb1688651",
    "src/addons/BWC/ApiExtension/_data/options.xml": "1cea29aa5671733d85c8fc6f7c66128eacbca5643cbb38585eb82002879b51a4",
    "src/addons/BWC/ApiExtension/_data/option_groups.xml": "154d7a89664b243d0bd8227c22e241f934bf7e196c83230ee23d3c0c4fba1333",
    "src/addons/BWC/ApiExtension/_data/permissions.xml": "7e4fc7d5826733d15ea2d8936b9bdd41afcaad810eb38e50da3c8d8eafda1550",
    "src/addons/BWC/ApiExtension/_data/permission_interface_groups.xml": "3177224e96458b829aa7fb24866dda9e0455a4922aee3d669b53f59a1ffdf5d1",
    "src/addons/BWC/ApiExtension/_data/phrases.xml": "8b6f884a275eff9897fcd640f855108f40618e033421e25328872b3089509ffa",
    "src/addons/BWC/ApiExtension/_data/routes.xml": "39a94517c1ec3b5a60d3985732e8ae314945ff3aede45e12f45c23eb48e36d16",
    "src/addons/BWC/ApiExtension/_data/style_properties.xml": "8b8690a8512f01f219dd2da76e3d0c5f62afc1f317b87794a7331c859c36a7a8",
    "src/addons/BWC/ApiExtension/_data/style_property_groups.xml": "68e1879cb3846c42d978487aa8d5145ff3335fc39e58016878824d5cf3fd684c",
    "src/addons/BWC/ApiExtension/_data/templates.xml": "95d4b078b90e74e773cef6695ef94c742e74b8d62e6798738f11f0215a58faee",
    "src/addons/BWC/ApiExtension/_data/template_modifications.xml": "3b54b7df00a6a4a18c5e012b6e2588e35c23aaa13a5fc227f08646a97590d778",
    "src/addons/BWC/ApiExtension/_data/widget_definitions.xml": "37e46965256430f24004c2e7f08ba08f9b0d1cbcc4d70e84b3f4e3ffb713e64b",
    "src/addons/BWC/ApiExtension/_data/widget_positions.xml": "a29cee66134f6bc5d75ed9df1eef21096c24401915c5b5c774389c3d7bb2d5b3"
}